[
    {}"title" : "7!! - Orange Full Version [PV]+Lyrics",
    "idYoutube": "Hy9s13hWsoc",
    "channelName": "Nizar Mahardika",
    "songUrl" : "https://www.youtube.com/watch?v=Hy9s13hWsoc&ab_channel=NizarMahardika"},

    {"title" : "Ghea Indrawari - Jiwa yang Bersedih (Official Music Video)",
    "idYoutube": "t9VWICGOD90",
    "channelName": "HITS Records",
    "songUrl" : "https://www.youtube.com/watch?v=t9VWICGOD90&ab_channel=HITSRecords"},

    {"title" : "FLOW - Go!!! (Music Video)",
    "idYoutube": "AE4b9jO1uB4",
    "channelName": "FLOWofficialVEVO",
    "songUrl" : "https://www.youtube.com/watch?v=AE4b9jO1uB4&ab_channel=FLOWofficialVEVO"},

    {"title" : "Rossa - Hati Yang Kau Sakiti (Official Music Video)",
    "idYoutube": "FQ4py3qThA0",
    "channelName": "Trinity Optima Production",
    "songUrl" : "https://www.youtube.com/watch?v=FQ4py3qThA0&ab_channel=TrinityOptimaProduction"},

    {"title" : "BTS (방탄소년단) 'Permission to Dance' Official MV",
    "idYoutube": "CuklIb9d3fI",
    "channelName": "HYBE LABELS",
    "songUrl" : "https://www.youtube.com/watch?v=CuklIb9d3fI&ab_channel=HYBELABELS"},

    {"title" : "Coldplay - Higher Power (Official Video)",
    "idYoutube": "3lfnR7OhZY8",
    "channelName": "Coldplay",
    "songUrl" : "https://www.youtube.com/watch?v=3lfnR7OhZY8&ab_channel=Coldplay"}

]





